{"name":"2b60b047-63aa-4181-91f5-57c536d47f24","id":"/providers/Microsoft.Flow/flows/2b60b047-63aa-4181-91f5-57c536d47f24","type":"Microsoft.Flow/flows","properties":{"apiId":"/providers/Microsoft.PowerApps/apis/shared_logicflows","displayName":"Delete Syncblocker events (Google)","definition":{"metadata":{"workflowEntityId":null,"processAdvisorMetadata":null,"flowChargedByPaygo":null,"flowclientsuspensionreason":"None","flowclientsuspensiontime":null,"flowclientsuspensionreasondetails":null,"creator":{"id":"6a3f8d4b-482b-4acb-9128-c4748e9b93a1","type":"User","tenantId":"331e8350-a57c-43c3-9a37-d76cf8000f52"},"provisioningMethod":"FromDefinition","failureAlertSubscription":true,"clientLastModifiedTime":"2024-01-06T16:11:38.8442409Z","connectionKeySavedTimeKey":"2024-01-06T16:11:38.8442409Z"},"$schema":"https://schema.management.azure.com/providers/Microsoft.Logic/schemas/2016-06-01/workflowdefinition.json#","contentVersion":"1.0.0.0","parameters":{"$connections":{"defaultValue":{},"type":"Object"},"$authentication":{"defaultValue":{},"type":"SecureObject"}},"triggers":{"manual":{"metadata":{"operationMetadataId":"6bb9772e-dbc1-4e4e-9e01-437eb490080d"},"type":"Request","kind":"Button","inputs":{"schema":{"type":"object","properties":{},"required":[]}}}},"actions":{"Filter_array":{"runAfter":{"List_calendars":["Succeeded"]},"metadata":{"operationMetadataId":"3f492481-5151-48b3-931c-5e3040f65901"},"type":"Query","inputs":{"from":"@outputs('List_calendars')?['body/items']","where":"@equals(item()?['id'], variables('calendarId'))"}},"Setting:_future_days_to_delete":{"runAfter":{"Instructions":["Succeeded"]},"metadata":{"operationMetadataId":"4cc72b9c-75eb-435f-8187-c1922e4e2594"},"type":"InitializeVariable","inputs":{"variables":[{"name":"futureDays","type":"integer","value":250}]}},"Setting:_dry-run":{"runAfter":{"Setting:_calendar_id":["Succeeded"]},"metadata":{"operationMetadataId":"de03e859-0938-4e4d-a3f8-ae8f13235fef"},"type":"InitializeVariable","inputs":{"variables":[{"name":"dryRun","type":"boolean","value":true}]}},"Delete_if_not_dry_run":{"actions":{"Apply_to_each":{"foreach":"@body('Filter_events_for_those_starting_with_prefix')","actions":{"Delete_an_event":{"runAfter":{},"metadata":{"operationMetadataId":"12d4085a-8279-4dfa-b936-e5cd27687611"},"type":"OpenApiConnection","inputs":{"host":{"apiId":"/providers/Microsoft.PowerApps/apis/shared_googlecalendar","connectionName":"shared_googlecalendar","operationId":"DeleteEvent"},"parameters":{"calendarId":"@variables('calendarId')","eventId":"@items('Apply_to_each')['id']"},"authentication":{"value":"@json(decodeBase64(triggerOutputs().headers['X-MS-APIM-Tokens']))['$ConnectionKey']","type":"Raw"}}}},"runAfter":{},"metadata":{"operationMetadataId":"0d5bd1dc-60ab-45e2-8f6c-4bdc575aca75"},"type":"Foreach"}},"runAfter":{"Filter_events_for_those_starting_with_prefix":["Succeeded"]},"expression":{"equals":["@variables('dryRun')",false]},"metadata":{"operationMetadataId":"97d0a41e-b07f-44b6-a75a-28d582b6db10"},"type":"If"},"Setting:_Sync_blocker_event_prefix":{"runAfter":{"Setting:_past_days_to_delete":["Succeeded"]},"metadata":{"operationMetadataId":"56ddd61b-2bf4-44a9-b401-80f71c84e832"},"type":"InitializeVariable","inputs":{"variables":[{"name":"syncBlockerPrefix","type":"string","value":"SyncBlocker: "}]},"description":"Only events starting with this prefix will be deleted."},"Setting:_calendar_id":{"runAfter":{"Setting:_Sync_blocker_event_prefix":["Succeeded"]},"metadata":{"operationMetadataId":"99097c3b-596c-47a5-aa11-ea1f5ba5e86b"},"type":"InitializeVariable","inputs":{"variables":[{"name":"calendarId","type":"string","value":"someone@gmail.com"}]},"description":"The ID of the calendar in which the SyncBlocker events should be deleted, typically your gmail address."},"Instructions":{"runAfter":{},"metadata":{"operationMetadataId":"1cdd29bf-f982-4fc3-83e5-8cc5260b621b"},"type":"InitializeVariable","inputs":{"variables":[{"name":"dummy","type":"string"}]},"description":"First, tweak the settings. Set \"dry-run\" to \"false\" to really execute the deletions. All events shown by \"Filter events for those starting with prefix\" will be deleted."},"List_the_events_on_a_calendar":{"runAfter":{"Verify_that_user_provided_a_valid_calendar_ID":["Succeeded"]},"metadata":{"operationMetadataId":"63fc77ae-35bb-471b-9bff-43c2acff481a"},"type":"OpenApiConnection","inputs":{"host":{"apiId":"/providers/Microsoft.PowerApps/apis/shared_googlecalendar","connectionName":"shared_googlecalendar","operationId":"ListEvents"},"parameters":{"calendarId":"@variables('calendarId')","timeMin":"@getPastTime(variables('pastDays'), 'Day')","timeMax":"@addDays(utcNow(), variables('futureDays'))"},"authentication":{"value":"@json(decodeBase64(triggerOutputs().headers['X-MS-APIM-Tokens']))['$ConnectionKey']","type":"Raw"}}},"List_calendars":{"runAfter":{"Setting:_dry-run":["Succeeded"]},"metadata":{"operationMetadataId":"25541c69-6003-4fa8-b551-a985c003ed52"},"type":"OpenApiConnection","inputs":{"host":{"apiId":"/providers/Microsoft.PowerApps/apis/shared_googlecalendar","connectionName":"shared_googlecalendar","operationId":"ListCalendars"},"parameters":{"minAccessRole":"writer"},"authentication":{"value":"@json(decodeBase64(triggerOutputs().headers['X-MS-APIM-Tokens']))['$ConnectionKey']","type":"Raw"}}},"Verify_that_user_provided_a_valid_calendar_ID":{"actions":{},"runAfter":{"Filter_array":["Succeeded"]},"else":{"actions":{"Terminate":{"runAfter":{},"metadata":{"operationMetadataId":"d3857b30-2a7b-4f89-8355-fecfe8520952"},"type":"Terminate","inputs":{"runStatus":"Failed","runError":{"message":"You did not provide a valid calendar ID. Please check the output of \"List calendars\" to see the list of valid IDs."}}}}},"expression":{"greater":["@length(body('Filter_array'))",0]},"metadata":{"operationMetadataId":"648fa689-bb1a-4174-ab3e-9062dff1249d"},"type":"If"},"Setting:_past_days_to_delete":{"runAfter":{"Setting:_future_days_to_delete":["Succeeded"]},"metadata":{"operationMetadataId":"4f913918-eb07-4160-99d4-abb8b12326eb"},"type":"InitializeVariable","inputs":{"variables":[{"name":"pastDays","type":"integer","value":10}]}},"Filter_events_for_those_starting_with_prefix":{"runAfter":{"List_the_events_on_a_calendar":["Succeeded"]},"metadata":{"operationMetadataId":"230689fc-a22d-4447-b8f1-11fe70ec0976"},"type":"Query","inputs":{"from":"@outputs('List_the_events_on_a_calendar')?['body/items']","where":"@startsWith(item()?['summary'], variables('syncBlockerPrefix'))"}}},"outputs":{}},"connectionReferences":{"shared_googlecalendar":{"connectionName":"a5644c53f9694551864e8353b972b9eb","source":"Invoker","id":"/providers/Microsoft.PowerApps/apis/shared_googlecalendar","tier":"NotSpecified"}},"flowFailureAlertSubscribed":false,"isManaged":false}}